"","Estimate","Std. Error","t value","Pr(>|t|)"
"(Intercept)",-0.032,0.008,-3.861,0.000140089331248299
"m1",0.063,0.003,19.406,6.2689617818644e-54
"s1",-0.057,0.004,-13.386,5.43887790815199e-32
"l1",0.931,0.008,120.296,5.08725292022133e-245
