"","Estimate","Std. Error","t value","Pr(>|t|)"
"(Intercept)",0,0.008,0,0.999999999999998
"s_st",-0.155,0.012,-13.386,5.43888047365176e-32
"m_st",0.227,0.012,19.406,6.26896696984581e-54
"l_st",0.949,0.008,120.296,5.08726292873745e-245
