"","Estimate","Std. Error","t value","Pr(>|t|)"
"(Intercept)",-0.032,0.008,-3.861,0.000140089337352715
"m1",0.063,0.003,19.406,6.26896696984849e-54
"s1",-0.057,0.004,-13.386,5.43888047365432e-32
"l1",0.931,0.008,120.296,5.08726292873977e-245
