"","Estimate","Std. Error","t value","Pr(>|t|)"
"(Intercept)",-0.0323027806423696,0.00836686590493909,-3.86079817812077,0.000140089331248333
"m1",0.0626308573204681,0.00322743010819797,19.405798180224,6.26896178186556e-54
"s1",-1.05699519502506,0.00425783231075805,-248.247257731218,0
"l1",0.931134750402733,0.00774037164016042,120.295871269488,5.08725292022133e-245
