"","Estimate","Std. Error","t value","Pr(>|t|)"
"(Intercept)",0,0.003,0,0.99999999999999
"m_st",0.078,0.004,19.406,6.26896178187449e-54
"s_st",-0.991,0.004,-248.247,0
"l_st",0.326,0.003,120.296,5.08725292022075e-245
