"","Estimate","Std. Error","t value","Pr(>|t|)"
"(Intercept)",-0.032,0.008,-3.861,0.000140089337352701
"s1",-1.057,0.004,-248.247,0
"m1",0.063,0.003,19.406,6.26896696984447e-54
"l1",0.931,0.008,120.296,5.0872629287415e-245
